SET SQL_MODE = "NO_AUTO_VALUE_ON_ZERO";
SET time_zone = "+00:00";

/*!40101 SET @OLD_CHARACTER_SET_CLIENT=@@CHARACTER_SET_CLIENT */;
/*!40101 SET @OLD_CHARACTER_SET_RESULTS=@@CHARACTER_SET_RESULTS */;
/*!40101 SET @OLD_COLLATION_CONNECTION=@@COLLATION_CONNECTION */;
/*!40101 SET NAMES utf8mb4 */;


INSERT INTO `portefeuille` (`matricule`, `id_praticiens`) VALUES
(19, 132),
(20, 134),
(26, 177),
(30, 139),
(31, 17),
(31, 18),
(31, 150),
(32, 133),
(36, 17),
(36, 18),
(36, 150),
(36, 181),
(40, 129),
(41, 168),
(46, 119),
(46, 122),
(48, 150),
(48, 181),
(49, 136),
(49, 156),
(50, 147),
(50, 159),
(52, 174),
(52, 175),
(53, 126),
(53, 145),
(57, 12),
(57, 14),
(57, 16),
(57, 180),
(59, 123),
(65, 141),
(65, 157),
(67, 161),
(67, 181),
(68, 154),
(69, 181),
(73, 143),
(75, 165),
(75, 169),
(76, 167),
(77, 152),
(79, 158),
(80, 121),
(80, 151),
(81, 140),
(84, 130),
(86, 144),
(90, 129),
(91, 138),
(91, 173),
(92, 178),
(93, 120),
(93, 124),
(96, 12),
(96, 14),
(96, 16),
(96, 164),
(96, 179),
(96, 182),
(98, 171),
(99, 127),
(99, 128),
(99, 176),
(100, 170),
(101, 148),
(102, 172),
(104, 142),
(104, 162),
(105, 135),
(106, 146),
(106, 163),
(108, 125),
(108, 131),
(108, 137),
(108, 153),
(108, 166),
(108, 179),
(109, 149),
(117, 160),
(118, 155);

INSERT INTO `praticiens` (`id_praticiens`, `id_specialite`, `nom`, `prenom`, `adresse`, `notoriete`, `longitude`, `latitude`) VALUES
(12, 48, 'Marie', 'Briand', '52 Rue Boisnet, Angers, Pays-de-la-Loire, France', '4.5', '-0.553385', '47.4743'),
(14, 4, 'Muller', 'Corentin', '10 d Rue David d&#039;Angers, Angers, Pays-de-la-Loire, France', '5.4', '-0.550312', '47.4717'),
(16, 2, 'Jean', 'Corne', 'Avenue de la Chesnaie, Les Ponts-de-Cé, Pays-de-la-Loire, France', '1', '-0.5269', '47.4359'),
(17, 54, 'Allaire', 'Alain', '10 Rue Jean Bazaine, Vannes, Bretagne, France', '3', '-2.78741', '47.6476'),
(18, 56, 'Artois', 'Rémy', '56 Rue de Brest, Dinan, Bretagne, France', '2', '-2.05833', '48.4527'),
(119, 51, 'Rossignol', 'Aurèle', '', '3', '0', '0'),
(120, 24, 'Riquier', 'Béatrice', '', '6', '0', '0'),
(121, 47, 'Godin', 'Isabel', '', '6', '0', '0'),
(122, 48, 'Lamothe', 'Ouida', '', '4', '0', '0'),
(123, 55, 'Guilmette', 'Yannick', '', '7', '0', '0'),
(124, 12, 'Parizeau', 'Thibault', '', '1', '0', '0'),
(125, 21, 'Duhamel', 'Michèle', '', '5', '0', '0'),
(126, 47, 'Berard', 'François', '', '8', '0', '0'),
(127, 17, 'Lacroix', 'Olivier', '', '3', '0', '0'),
(128, 34, 'Charlebois', 'Flavie', '', '10', '0', '0'),
(129, 29, 'Bourgeois', 'Eléonore', 'Station 10, Rochefort-du-Gard, Occitanie, France', '6', '4.69717', '43.9829'),
(130, 38, 'Brian', 'Corinne', '', '9', '0', '0'),
(131, 22, 'Cadieux', 'Léonie', '', '8', '0', '0'),
(132, 31, 'Brisette', 'Danielle', '', '6', '0', '0'),
(133, 58, 'Tardif', 'Brigitte', '', '0', '0', '0'),
(134, 55, 'Givry', 'Noé', '', '8', '0', '0'),
(135, 39, 'Gregoire', 'Baudouin', '', '9', '0', '0'),
(136, 44, 'Bisson', 'Philippine', '', '10', '0', '0'),
(137, 9, 'Cartier', 'Cécile', '', '9', '0', '0'),
(138, 37, 'Tollmache', 'Odile', '', '9', '0', '0'),
(139, 1, 'Chesnay', 'Antoine', '', '10', '0', '0'),
(140, 15, 'Brisebois', 'Valentin', '', '8', '0', '0'),
(141, 9, 'Brochu', 'Amélie', '', '9', '0', '0'),
(142, 49, 'Labelle', 'Jérôme', '', '10', '0', '0'),
(143, 10, 'Duffet', 'Cesaire', '', '7', '0', '0'),
(144, 25, 'Bilodeau', 'Damien', '', '5', '0', '0'),
(145, 8, 'Lafreniere', 'Placide', '', '1', '0', '0'),
(146, 7, 'Bouchard', 'Noé', '', '9', '0', '0'),
(147, 60, 'Lemaitre', 'Marise', '', '9', '0', '0'),
(148, 14, 'Jette', 'Vienne', '', '0', '0', '0'),
(149, 31, 'Theriault', 'Marcellin', '', '7', '0', '0'),
(150, 51, 'Brisette', 'Ouida', '10 Rue de Quimper, Brest, Bretagne, France', '2', '-4.46482', '48.4024'),
(151, 37, 'Tardif', 'Armelle', '', '6', '0', '0'),
(152, 18, 'Asselin', 'Benoite', '', '2', '0', '0'),
(153, 39, 'Aubin', 'Jérôme', '', '7', '0', '0'),
(154, 32, 'Bonnet', 'Apollinaire', '', '3', '0', '0'),
(155, 30, 'Therriault', 'Annette', '', '3', '0', '0'),
(156, 59, 'Beaudoin', 'Clarisse', '', '2', '0', '0'),
(157, 18, 'Marcoux', 'Herbert', '', '0', '0', '0'),
(158, 47, 'Brisebois', 'Régine', '', '6', '0', '0'),
(159, 32, 'Devost', 'Lazare', '', '2', '0', '0'),
(160, 47, 'Proulx', 'Oriane', '', '7', '0', '0'),
(161, 25, 'Turgeon', 'Amédée', '22 Route de Vannes, Muzillac, Bretagne, France', '5', '-2.49387', '47.5571'),
(162, 54, 'Dionne', 'Carine', '', '10', '0', '0'),
(163, 17, 'Roussel', 'Zoé', '', '3', '0', '0'),
(164, 22, 'Denis', 'Clarisse', '', '6', '0', '0'),
(165, 49, 'Deblois', 'Séverin', '', '7', '0', '0'),
(166, 56, 'Ducharme', 'Baudouin', '', '1', '0', '0'),
(167, 5, 'Roussel', 'Zephyrine', '', '5', '0', '0'),
(168, 57, 'Marchesseault', 'Amélie', '', '6', '0', '0'),
(169, 32, 'Aubin', 'Roxanne', '', '10', '0', '0'),
(170, 6, 'Chaloux', 'Anselme', '', '4', '0', '0'),
(171, 12, 'Huppe', 'Adam', '', '3', '0', '0'),
(172, 40, 'Laforge', 'Tatienne', '', '9', '0', '0'),
(173, 54, 'Chalut', 'Lisette', '', '4', '0', '0'),
(174, 21, 'Ayot', 'Chanté', '', '0', '0', '0'),
(175, 4, 'Saindon', 'Catherine', '', '3', '0', '0'),
(176, 2, 'Binet', 'Gabrielle', '', '6', '0', '0'),
(177, 28, 'Tardif', 'Sylvaine', '52 Avenue Gontran Bienvenu, Vannes, Bretagne, France', '9', '-2.70856', '47.6535'),
(178, 4, 'Bondy', 'Régine', '', '2', '0', '0'),
(179, 54, 'thierry', 'lydie', '24 Rue le Nôtre, Les Ponts-de-Cé, Pays-de-la-Loire, France', '1', '-0.525774', '47.4395'),
(180, 45, 'gubert', 'axel', 'Place de la Paix de la Tessoualle du 24 Juin1815, La Tessoualle, Pays-de-la-Loire, France', '0', '-0.8507', '47.0056'),
(181, 60, 'Dupont', 'Jean', '18 Rue de Brest, Rennes, Bretagne, France', '4', '-1.68951', '48.1118'),
(182, 4, 'Mathieu', 'Marc', '85 Avenue de la Choletière, Cholet, Pays-de-la-Loire, France', '3', '-0.890386', '47.0435'),
(185, 10, 'Laurendeau', 'Alex', '56 Rue de la Rouvraie, Bouchemaine, Pays-de-la-Loire, France', '4', '-0.61185', '47.4485');

INSERT INTO `praticiens_region` (`reg_code`, `id_praticiens`, `dateAffectation`, `active`) VALUES
(8, 12, '2020-01-27 23:28:28', 1),
(8, 14, '2020-01-30 23:15:04', 1),
(8, 16, '2020-02-04 20:14:15', 1),
(8, 125, '2020-02-09 22:39:22', 1),
(8, 131, '2020-02-09 22:39:22', 1),
(8, 137, '2020-02-09 22:39:22', 1),
(8, 153, '2020-02-09 22:39:22', 1),
(8, 164, '2020-02-09 22:39:22', 1),
(8, 166, '2020-02-09 22:39:22', 1),
(8, 179, '2020-02-13 08:23:20', 1),
(8, 180, '2020-02-13 08:29:29', 1),
(8, 182, '2020-02-22 10:14:22', 1),
(8, 185, '2020-02-29 17:10:33', 1),
(9, 17, '2020-02-04 21:24:07', 1),
(9, 18, '2020-02-09 19:43:49', 1),
(9, 135, '2020-02-09 22:39:22', 1),
(9, 150, '2020-02-09 22:39:22', 1),
(9, 155, '2020-02-09 22:39:22', 1),
(9, 161, '2020-02-09 22:39:22', 1),
(9, 177, '2020-02-09 22:39:22', 1),
(9, 181, '2020-02-16 20:31:15', 1),
(9, 182, '2020-02-22 10:13:53', 0),
(10, 127, '2020-02-09 22:39:22', 1),
(10, 128, '2020-02-09 22:39:22', 1),
(10, 133, '2020-02-09 22:39:22', 1),
(10, 138, '2020-02-09 22:39:22', 1),
(10, 171, '2020-02-09 22:39:22', 1),
(10, 173, '2020-02-09 22:39:22', 1),
(10, 176, '2020-02-09 22:39:22', 1),
(11, 132, '2020-02-09 22:39:22', 1),
(11, 143, '2020-02-09 22:39:22', 1),
(11, 154, '2020-02-09 22:39:22', 1),
(11, 158, '2020-02-09 22:39:22', 1),
(12, 129, '2020-02-09 22:39:22', 1),
(12, 170, '2020-02-09 22:39:22', 1),
(13, 119, '2020-02-09 22:39:22', 1),
(13, 121, '2020-02-09 22:39:22', 1),
(13, 122, '2020-02-09 22:39:22', 1),
(13, 151, '2020-02-09 22:39:22', 1),
(14, 120, '2020-02-09 22:39:22', 1),
(14, 124, '2020-02-09 22:39:22', 1),
(14, 140, '2020-02-09 22:39:22', 1),
(14, 146, '2020-02-09 22:39:22', 1),
(14, 163, '2020-02-09 22:39:22', 1),
(15, 160, '2020-02-09 22:39:22', 1),
(16, 136, '2020-02-09 22:39:22', 1),
(16, 152, '2020-02-09 22:39:22', 1),
(16, 156, '2020-02-09 22:39:22', 1),
(16, 167, '2020-02-09 22:39:22', 1),
(16, 174, '2020-02-09 22:39:22', 1),
(16, 175, '2020-02-09 22:39:22', 1),
(17, 123, '2020-02-09 22:39:22', 1),
(17, 142, '2020-02-09 22:39:22', 1),
(17, 162, '2020-02-09 22:39:22', 1),
(17, 172, '2020-02-09 22:39:22', 1),
(18, 139, '2020-02-09 22:39:22', 1),
(18, 141, '2020-02-09 22:39:22', 1),
(18, 157, '2020-02-09 22:39:22', 1),
(19, 126, '2020-02-09 22:39:22', 1),
(19, 145, '2020-02-09 22:39:22', 1),
(19, 147, '2020-02-09 22:39:22', 1),
(19, 159, '2020-02-09 22:39:22', 1),
(19, 165, '2020-02-09 22:39:22', 1),
(19, 169, '2020-02-09 22:39:22', 1),
(20, 134, '2020-02-09 22:39:22', 1),
(20, 144, '2020-02-09 22:39:22', 1),
(20, 148, '2020-02-09 22:39:22', 1),
(20, 149, '2020-02-09 22:39:22', 1),
(20, 168, '2020-02-09 22:39:22', 1),
(21, 130, '2020-02-09 22:39:22', 1),
(21, 178, '2020-02-09 22:39:22', 1);

INSERT INTO `Profil` (`id`, `email`, `password`, `is_active`, `nom`, `prenom`, `roles`, `valeur`) VALUES
(12, 'respOuest@gmail.fr', '$2y$13$BTk1/qIOoSvH69UoBz22cuc0ULDygrQxQtaDkQ2j86FpQ6Y4WMxFC', 1, 'Lynch', 'Adrien', 'a:2:{i:0;s:9:\"ROLE_USER\";i:1;s:16:\"ROLE_RESPONSABLE\";}', NULL),
(13, 'respEst@gmail.fr', '$2y$13$BTk1/qIOoSvH69UoBz22cuc0ULDygrQxQtaDkQ2j86FpQ6Y4WMxFC', 1, 'Young', 'Kylian', 'a:2:{i:0;s:9:\"ROLE_USER\";i:1;s:16:\"ROLE_RESPONSABLE\";}', NULL),
(14, 'respSud@gmail.fr', '$2y$13$BTk1/qIOoSvH69UoBz22cuc0ULDygrQxQtaDkQ2j86FpQ6Y4WMxFC', 1, 'Turner', 'Antonin', 'a:2:{i:0;s:9:\"ROLE_USER\";i:1;s:16:\"ROLE_RESPONSABLE\";}', NULL),
(15, 'respNord@gmail.fr', '$2y$13$BTk1/qIOoSvH69UoBz22cuc0ULDygrQxQtaDkQ2j86FpQ6Y4WMxFC', 1, 'Mendez', 'Lauriane', 'a:2:{i:0;s:9:\"ROLE_USER\";i:1;s:16:\"ROLE_RESPONSABLE\";}', NULL),
(16, 'respCentre@gmail.fr', '$2y$13$BTk1/qIOoSvH69UoBz22cuc0ULDygrQxQtaDkQ2j86FpQ6Y4WMxFC', 1, 'Crawford', 'Léane', 'a:2:{i:0;s:9:\"ROLE_USER\";i:1;s:16:\"ROLE_RESPONSABLE\";}', NULL),
(17, 'respCA@gmail.fr', '$2y$13$BTk1/qIOoSvH69UoBz22cuc0ULDygrQxQtaDkQ2j86FpQ6Y4WMxFC', 1, 'Herrera', 'Noah', 'a:2:{i:0;s:9:\"ROLE_USER\";i:1;s:16:\"ROLE_RESPONSABLE\";}', NULL),
(18, 'respAA@gmail.fr', '$2y$13$BTk1/qIOoSvH69UoBz22cuc0ULDygrQxQtaDkQ2j86FpQ6Y4WMxFC', 1, 'Singleton', 'Jérémy', 'a:2:{i:0;s:9:\"ROLE_USER\";i:1;s:16:\"ROLE_RESPONSABLE\";}', NULL),
(19, 'roger.gabin@gmail.fr', '$2y$13$qWtnoCpAzVsroQE6IRwDBO43p1ufOjNDaJyypj6bA2FXbl1PpPxgq', 1, 'Roger', 'Gabin', 'a:2:{i:0;s:9:\"ROLE_USER\";i:1;s:13:\"ROLE_VISITEUR\";}', NULL),
(20, 'mali.l@gmail.fr', '$2y$13$qWtnoCpAzVsroQE6IRwDBO43p1ufOjNDaJyypj6bA2FXbl1PpPxgq', 1, 'Malik', 'Lambert', 'a:2:{i:0;s:9:\"ROLE_USER\";i:1;s:13:\"ROLE_VISITEUR\";}', NULL),
(21, 'roussel.gabriel@gmail.fr', '$2y$13$qWtnoCpAzVsroQE6IRwDBO43p1ufOjNDaJyypj6bA2FXbl1PpPxgq', 1, 'Gabriel', 'Roussel', 'a:2:{i:0;s:9:\"ROLE_USER\";i:1;s:13:\"ROLE_VISITEUR\";}', NULL),
(22, 'Olsen.Arsenio@gmail.com', '$2y$13$BTk1/qIOoSvH69UoBz22cuc0ULDygrQxQtaDkQ2j86FpQ6Y4WMxFC', 1, 'Olsen', 'Arsenio', 'a:2:{i:0;s:9:\"ROLE_USER\";i:1;s:13:\"ROLE_VISITEUR\";}', NULL),
(23, 'Stephens.Roth@gmail.com', '$2y$13$BTk1/qIOoSvH69UoBz22cuc0ULDygrQxQtaDkQ2j86FpQ6Y4WMxFC', 1, 'Stephens', 'Roth', 'a:2:{i:0;s:9:\"ROLE_USER\";i:1;s:13:\"ROLE_VISITEUR\";}', NULL),
(24, 'Rogers.Priscilla@gmail.com', '$2y$13$BTk1/qIOoSvH69UoBz22cuc0ULDygrQxQtaDkQ2j86FpQ6Y4WMxFC', 1, 'Rogers', 'Priscilla', 'a:2:{i:0;s:9:\"ROLE_USER\";i:1;s:13:\"ROLE_VISITEUR\";}', NULL),
(25, 'Rivers.Courtney@gmail.com', '$2y$13$BTk1/qIOoSvH69UoBz22cuc0ULDygrQxQtaDkQ2j86FpQ6Y4WMxFC', 1, 'Rivers', 'Courtney', 'a:2:{i:0;s:9:\"ROLE_USER\";i:1;s:13:\"ROLE_VISITEUR\";}', NULL),
(26, 'Anthony.Quentin@gmail.com', '$2y$13$BTk1/qIOoSvH69UoBz22cuc0ULDygrQxQtaDkQ2j86FpQ6Y4WMxFC', 1, 'Anthony', 'Quentin', 'a:2:{i:0;s:9:\"ROLE_USER\";i:1;s:13:\"ROLE_VISITEUR\";}', NULL),
(27, 'Castro.Casey@gmail.com', '$2y$13$BTk1/qIOoSvH69UoBz22cuc0ULDygrQxQtaDkQ2j86FpQ6Y4WMxFC', 1, 'Castro', 'Casey', 'a:2:{i:0;s:9:\"ROLE_USER\";i:1;s:13:\"ROLE_VISITEUR\";}', NULL),
(28, 'Cotton.Roth@gmail.com', '$2y$13$BTk1/qIOoSvH69UoBz22cuc0ULDygrQxQtaDkQ2j86FpQ6Y4WMxFC', 1, 'Cotton', 'Roth', 'a:2:{i:0;s:9:\"ROLE_USER\";i:1;s:13:\"ROLE_VISITEUR\";}', NULL),
(29, 'Vinson.Genevieve@gmail.com', '$2y$13$BTk1/qIOoSvH69UoBz22cuc0ULDygrQxQtaDkQ2j86FpQ6Y4WMxFC', 1, 'Vinson', 'Genevieve', 'a:2:{i:0;s:9:\"ROLE_USER\";i:1;s:13:\"ROLE_VISITEUR\";}', NULL),
(30, 'Keller.Nigel@gmail.com', '$2y$13$BTk1/qIOoSvH69UoBz22cuc0ULDygrQxQtaDkQ2j86FpQ6Y4WMxFC', 1, 'Keller', 'Nigel', 'a:2:{i:0;s:9:\"ROLE_USER\";i:1;s:13:\"ROLE_VISITEUR\";}', NULL),
(31, 'Reynolds.Honorato@gmail.com', '$2y$13$BTk1/qIOoSvH69UoBz22cuc0ULDygrQxQtaDkQ2j86FpQ6Y4WMxFC', 1, 'Reynolds', 'Honorato', 'a:2:{i:0;s:9:\"ROLE_USER\";i:1;s:13:\"ROLE_VISITEUR\";}', NULL),
(32, 'Galloway.Neville@gmail.com', '$2y$13$BTk1/qIOoSvH69UoBz22cuc0ULDygrQxQtaDkQ2j86FpQ6Y4WMxFC', 1, 'Galloway', 'Neville', 'a:2:{i:0;s:9:\"ROLE_USER\";i:1;s:13:\"ROLE_VISITEUR\";}', NULL),
(33, 'Larsen.Lisandra@gmail.com', '$2y$13$BTk1/qIOoSvH69UoBz22cuc0ULDygrQxQtaDkQ2j86FpQ6Y4WMxFC', 1, 'Larsen', 'Lisandra', 'a:2:{i:0;s:9:\"ROLE_USER\";i:1;s:13:\"ROLE_VISITEUR\";}', NULL),
(34, 'Mcintyre.Glenna@gmail.com', '$2y$13$BTk1/qIOoSvH69UoBz22cuc0ULDygrQxQtaDkQ2j86FpQ6Y4WMxFC', 1, 'Mcintyre', 'Glenna', 'a:2:{i:0;s:9:\"ROLE_USER\";i:1;s:13:\"ROLE_VISITEUR\";}', NULL),
(35, 'Lawrence.Wylie@gmail.com', '$2y$13$BTk1/qIOoSvH69UoBz22cuc0ULDygrQxQtaDkQ2j86FpQ6Y4WMxFC', 1, 'Lawrence', 'Wylie', 'a:2:{i:0;s:9:\"ROLE_USER\";i:1;s:13:\"ROLE_VISITEUR\";}', NULL),
(36, 'Poole.Shaeleigh@gmail.com', '$2y$13$BTk1/qIOoSvH69UoBz22cuc0ULDygrQxQtaDkQ2j86FpQ6Y4WMxFC', 1, 'Poole', 'Shaeleigh', 'a:2:{i:0;s:9:\"ROLE_USER\";i:1;s:13:\"ROLE_VISITEUR\";}', NULL),
(37, 'Meyers.Bryar@gmail.com', '$2y$13$BTk1/qIOoSvH69UoBz22cuc0ULDygrQxQtaDkQ2j86FpQ6Y4WMxFC', 1, 'Meyers', 'Bryar', 'a:2:{i:0;s:9:\"ROLE_USER\";i:1;s:13:\"ROLE_VISITEUR\";}', NULL),
(38, 'Green.Deirdre@gmail.com', '$2y$13$BTk1/qIOoSvH69UoBz22cuc0ULDygrQxQtaDkQ2j86FpQ6Y4WMxFC', 1, 'Green', 'Deirdre', 'a:2:{i:0;s:9:\"ROLE_USER\";i:1;s:13:\"ROLE_VISITEUR\";}', NULL),
(39, 'Walter.Grant@gmail.com', '$2y$13$BTk1/qIOoSvH69UoBz22cuc0ULDygrQxQtaDkQ2j86FpQ6Y4WMxFC', 1, 'Walter', 'Grant', 'a:2:{i:0;s:9:\"ROLE_USER\";i:1;s:13:\"ROLE_VISITEUR\";}', NULL),
(40, 'Flores.Tate@gmail.com', '$2y$13$BTk1/qIOoSvH69UoBz22cuc0ULDygrQxQtaDkQ2j86FpQ6Y4WMxFC', 1, 'Flores', 'Tate', 'a:2:{i:0;s:9:\"ROLE_USER\";i:1;s:13:\"ROLE_VISITEUR\";}', NULL),
(41, 'Lawrence.Zeph@gmail.com', '$2y$13$BTk1/qIOoSvH69UoBz22cuc0ULDygrQxQtaDkQ2j86FpQ6Y4WMxFC', 1, 'Lawrence', 'Zeph', 'a:2:{i:0;s:9:\"ROLE_USER\";i:1;s:13:\"ROLE_VISITEUR\";}', NULL),
(42, 'Velez.John@gmail.com', '$2y$13$BTk1/qIOoSvH69UoBz22cuc0ULDygrQxQtaDkQ2j86FpQ6Y4WMxFC', 1, 'Velez', 'John', 'a:2:{i:0;s:9:\"ROLE_USER\";i:1;s:13:\"ROLE_VISITEUR\";}', NULL),
(43, 'Soto.Aileen@gmail.com', '$2y$13$BTk1/qIOoSvH69UoBz22cuc0ULDygrQxQtaDkQ2j86FpQ6Y4WMxFC', 1, 'Soto', 'Aileen', 'a:2:{i:0;s:9:\"ROLE_USER\";i:1;s:13:\"ROLE_VISITEUR\";}', NULL),
(44, 'Paul.Vaughan@gmail.com', '$2y$13$BTk1/qIOoSvH69UoBz22cuc0ULDygrQxQtaDkQ2j86FpQ6Y4WMxFC', 1, 'Paul', 'Vaughan', 'a:2:{i:0;s:9:\"ROLE_USER\";i:1;s:13:\"ROLE_VISITEUR\";}', NULL),
(45, 'Lynn.Ross@gmail.com', '$2y$13$BTk1/qIOoSvH69UoBz22cuc0ULDygrQxQtaDkQ2j86FpQ6Y4WMxFC', 1, 'Lynn', 'Ross', 'a:2:{i:0;s:9:\"ROLE_USER\";i:1;s:13:\"ROLE_VISITEUR\";}', NULL),
(46, 'Barry.Aristotle@gmail.com', '$2y$13$BTk1/qIOoSvH69UoBz22cuc0ULDygrQxQtaDkQ2j86FpQ6Y4WMxFC', 1, 'Barry', 'Aristotle', 'a:2:{i:0;s:9:\"ROLE_USER\";i:1;s:13:\"ROLE_VISITEUR\";}', NULL),
(47, 'Pratt.Castor@gmail.com', '$2y$13$BTk1/qIOoSvH69UoBz22cuc0ULDygrQxQtaDkQ2j86FpQ6Y4WMxFC', 1, 'Pratt', 'Castor', 'a:2:{i:0;s:9:\"ROLE_USER\";i:1;s:13:\"ROLE_VISITEUR\";}', NULL),
(48, 'Goff.Alvin@gmail.com', '$2y$13$BTk1/qIOoSvH69UoBz22cuc0ULDygrQxQtaDkQ2j86FpQ6Y4WMxFC', 1, 'Goff', 'Alvin', 'a:2:{i:0;s:9:\"ROLE_USER\";i:1;s:13:\"ROLE_VISITEUR\";}', NULL),
(49, 'Stein.Hedy@gmail.com', '$2y$13$BTk1/qIOoSvH69UoBz22cuc0ULDygrQxQtaDkQ2j86FpQ6Y4WMxFC', 1, 'Stein', 'Hedy', 'a:2:{i:0;s:9:\"ROLE_USER\";i:1;s:13:\"ROLE_VISITEUR\";}', NULL),
(50, 'Griffin.Jolene@gmail.com', '$2y$13$BTk1/qIOoSvH69UoBz22cuc0ULDygrQxQtaDkQ2j86FpQ6Y4WMxFC', 1, 'Griffin', 'Jolene', 'a:2:{i:0;s:9:\"ROLE_USER\";i:1;s:13:\"ROLE_VISITEUR\";}', NULL),
(51, 'Maxwell.Tarik@gmail.com', '$2y$13$BTk1/qIOoSvH69UoBz22cuc0ULDygrQxQtaDkQ2j86FpQ6Y4WMxFC', 1, 'Maxwell', 'Tarik', 'a:2:{i:0;s:9:\"ROLE_USER\";i:1;s:13:\"ROLE_VISITEUR\";}', NULL),
(52, 'Black.Brody@gmail.com', '$2y$13$BTk1/qIOoSvH69UoBz22cuc0ULDygrQxQtaDkQ2j86FpQ6Y4WMxFC', 1, 'Black', 'Brody', 'a:2:{i:0;s:9:\"ROLE_USER\";i:1;s:13:\"ROLE_VISITEUR\";}', NULL),
(53, 'Black.Dorian@gmail.com', '$2y$13$BTk1/qIOoSvH69UoBz22cuc0ULDygrQxQtaDkQ2j86FpQ6Y4WMxFC', 1, 'Black', 'Dorian', 'a:2:{i:0;s:9:\"ROLE_USER\";i:1;s:13:\"ROLE_VISITEUR\";}', NULL),
(54, 'Mendoza.Veda@gmail.com', '$2y$13$BTk1/qIOoSvH69UoBz22cuc0ULDygrQxQtaDkQ2j86FpQ6Y4WMxFC', 1, 'Mendoza', 'Veda', 'a:2:{i:0;s:9:\"ROLE_USER\";i:1;s:13:\"ROLE_VISITEUR\";}', NULL),
(55, 'Manning.Nyssa@gmail.com', '$2y$13$BTk1/qIOoSvH69UoBz22cuc0ULDygrQxQtaDkQ2j86FpQ6Y4WMxFC', 1, 'Manning', 'Nyssa', 'a:2:{i:0;s:9:\"ROLE_USER\";i:1;s:13:\"ROLE_VISITEUR\";}', NULL),
(56, 'Robles.Vivian@gmail.com', '$2y$13$BTk1/qIOoSvH69UoBz22cuc0ULDygrQxQtaDkQ2j86FpQ6Y4WMxFC', 1, 'Robles', 'Vivian', 'a:2:{i:0;s:9:\"ROLE_USER\";i:1;s:13:\"ROLE_VISITEUR\";}', NULL),
(57, 'Stanley.Tyler@gmail.com', '$2y$13$BTk1/qIOoSvH69UoBz22cuc0ULDygrQxQtaDkQ2j86FpQ6Y4WMxFC', 1, 'Stanley', 'Tyler', 'a:2:{i:0;s:9:\"ROLE_USER\";i:1;s:13:\"ROLE_VISITEUR\";}', NULL),
(58, 'Hudson.Olga@gmail.com', '$2y$13$BTk1/qIOoSvH69UoBz22cuc0ULDygrQxQtaDkQ2j86FpQ6Y4WMxFC', 1, 'Hudson', 'Olga', 'a:2:{i:0;s:9:\"ROLE_USER\";i:1;s:13:\"ROLE_VISITEUR\";}', NULL),
(59, 'Mccoy.Wilma@gmail.com', '$2y$13$BTk1/qIOoSvH69UoBz22cuc0ULDygrQxQtaDkQ2j86FpQ6Y4WMxFC', 1, 'Mccoy', 'Wilma', 'a:2:{i:0;s:9:\"ROLE_USER\";i:1;s:13:\"ROLE_VISITEUR\";}', NULL),
(60, 'Ellis.Risa@gmail.com', '$2y$13$BTk1/qIOoSvH69UoBz22cuc0ULDygrQxQtaDkQ2j86FpQ6Y4WMxFC', 1, 'Ellis', 'Risa', 'a:2:{i:0;s:9:\"ROLE_USER\";i:1;s:13:\"ROLE_VISITEUR\";}', NULL),
(61, 'Prince.Anika@gmail.com', '$2y$13$BTk1/qIOoSvH69UoBz22cuc0ULDygrQxQtaDkQ2j86FpQ6Y4WMxFC', 1, 'Prince', 'Anika', 'a:2:{i:0;s:9:\"ROLE_USER\";i:1;s:13:\"ROLE_VISITEUR\";}', NULL),
(62, 'Lancaster.Allistair@gmail.com', '$2y$13$BTk1/qIOoSvH69UoBz22cuc0ULDygrQxQtaDkQ2j86FpQ6Y4WMxFC', 1, 'Lancaster', 'Allistair', 'a:2:{i:0;s:9:\"ROLE_USER\";i:1;s:13:\"ROLE_VISITEUR\";}', NULL),
(63, 'Norton.Theodore@gmail.com', '$2y$13$BTk1/qIOoSvH69UoBz22cuc0ULDygrQxQtaDkQ2j86FpQ6Y4WMxFC', 1, 'Norton', 'Theodore', 'a:2:{i:0;s:9:\"ROLE_USER\";i:1;s:13:\"ROLE_VISITEUR\";}', NULL),
(64, 'Koch.Sybil@gmail.com', '$2y$13$BTk1/qIOoSvH69UoBz22cuc0ULDygrQxQtaDkQ2j86FpQ6Y4WMxFC', 1, 'Koch', 'Sybil', 'a:2:{i:0;s:9:\"ROLE_USER\";i:1;s:13:\"ROLE_VISITEUR\";}', NULL),
(65, 'Ayala.Quinn@gmail.com', '$2y$13$BTk1/qIOoSvH69UoBz22cuc0ULDygrQxQtaDkQ2j86FpQ6Y4WMxFC', 1, 'Ayala', 'Quinn', 'a:2:{i:0;s:9:\"ROLE_USER\";i:1;s:13:\"ROLE_VISITEUR\";}', NULL),
(66, 'Wilson.Priscilla@gmail.com', '$2y$13$BTk1/qIOoSvH69UoBz22cuc0ULDygrQxQtaDkQ2j86FpQ6Y4WMxFC', 1, 'Wilson', 'Priscilla', 'a:2:{i:0;s:9:\"ROLE_USER\";i:1;s:13:\"ROLE_VISITEUR\";}', NULL),
(67, 'Sparks.Roary@gmail.com', '$2y$13$BTk1/qIOoSvH69UoBz22cuc0ULDygrQxQtaDkQ2j86FpQ6Y4WMxFC', 1, 'Sparks', 'Roary', 'a:2:{i:0;s:9:\"ROLE_USER\";i:1;s:13:\"ROLE_VISITEUR\";}', NULL),
(68, 'Calderon.Aladdin@gmail.com', '$2y$13$BTk1/qIOoSvH69UoBz22cuc0ULDygrQxQtaDkQ2j86FpQ6Y4WMxFC', 1, 'Calderon', 'Aladdin', 'a:2:{i:0;s:9:\"ROLE_USER\";i:1;s:13:\"ROLE_VISITEUR\";}', NULL),
(69, 'Vinson.Warren@gmail.com', '$2y$13$BTk1/qIOoSvH69UoBz22cuc0ULDygrQxQtaDkQ2j86FpQ6Y4WMxFC', 1, 'Vinson', 'Warren', 'a:2:{i:0;s:9:\"ROLE_USER\";i:1;s:13:\"ROLE_VISITEUR\";}', NULL),
(70, 'House.Ray@gmail.com', '$2y$13$BTk1/qIOoSvH69UoBz22cuc0ULDygrQxQtaDkQ2j86FpQ6Y4WMxFC', 1, 'House', 'Ray', 'a:2:{i:0;s:9:\"ROLE_USER\";i:1;s:13:\"ROLE_VISITEUR\";}', NULL),
(71, 'Cunningham.Brenna@gmail.com', '$2y$13$BTk1/qIOoSvH69UoBz22cuc0ULDygrQxQtaDkQ2j86FpQ6Y4WMxFC', 1, 'Cunningham', 'Brenna', 'a:2:{i:0;s:9:\"ROLE_USER\";i:1;s:13:\"ROLE_VISITEUR\";}', NULL),
(72, 'Hensley.Orlando@gmail.com', '$2y$13$BTk1/qIOoSvH69UoBz22cuc0ULDygrQxQtaDkQ2j86FpQ6Y4WMxFC', 1, 'Hensley', 'Orlando', 'a:2:{i:0;s:9:\"ROLE_USER\";i:1;s:13:\"ROLE_VISITEUR\";}', NULL),
(73, 'Webb.Edward@gmail.com', '$2y$13$BTk1/qIOoSvH69UoBz22cuc0ULDygrQxQtaDkQ2j86FpQ6Y4WMxFC', 1, 'Webb', 'Edward', 'a:2:{i:0;s:9:\"ROLE_USER\";i:1;s:13:\"ROLE_VISITEUR\";}', NULL),
(74, 'William.Moana@gmail.com', '$2y$13$BTk1/qIOoSvH69UoBz22cuc0ULDygrQxQtaDkQ2j86FpQ6Y4WMxFC', 1, 'William', 'Moana', 'a:2:{i:0;s:9:\"ROLE_USER\";i:1;s:13:\"ROLE_VISITEUR\";}', NULL),
(75, 'Ballard.Rhonda@gmail.com', '$2y$13$BTk1/qIOoSvH69UoBz22cuc0ULDygrQxQtaDkQ2j86FpQ6Y4WMxFC', 1, 'Ballard', 'Rhonda', 'a:2:{i:0;s:9:\"ROLE_USER\";i:1;s:13:\"ROLE_VISITEUR\";}', NULL),
(76, 'Fuller.Kelly@gmail.com', '$2y$13$BTk1/qIOoSvH69UoBz22cuc0ULDygrQxQtaDkQ2j86FpQ6Y4WMxFC', 1, 'Fuller', 'Kelly', 'a:2:{i:0;s:9:\"ROLE_USER\";i:1;s:13:\"ROLE_VISITEUR\";}', NULL),
(77, 'Herman.Erich@gmail.com', '$2y$13$BTk1/qIOoSvH69UoBz22cuc0ULDygrQxQtaDkQ2j86FpQ6Y4WMxFC', 1, 'Herman', 'Erich', 'a:2:{i:0;s:9:\"ROLE_USER\";i:1;s:13:\"ROLE_VISITEUR\";}', NULL),
(78, 'Morse.Unity@gmail.com', '$2y$13$BTk1/qIOoSvH69UoBz22cuc0ULDygrQxQtaDkQ2j86FpQ6Y4WMxFC', 1, 'Morse', 'Unity', 'a:2:{i:0;s:9:\"ROLE_USER\";i:1;s:13:\"ROLE_VISITEUR\";}', NULL),
(79, 'Pierce.Paula@gmail.com', '$2y$13$BTk1/qIOoSvH69UoBz22cuc0ULDygrQxQtaDkQ2j86FpQ6Y4WMxFC', 1, 'Pierce', 'Paula', 'a:2:{i:0;s:9:\"ROLE_USER\";i:1;s:13:\"ROLE_VISITEUR\";}', NULL),
(80, 'Moss.Jonas@gmail.com', '$2y$13$BTk1/qIOoSvH69UoBz22cuc0ULDygrQxQtaDkQ2j86FpQ6Y4WMxFC', 1, 'Moss', 'Jonas', 'a:2:{i:0;s:9:\"ROLE_USER\";i:1;s:13:\"ROLE_VISITEUR\";}', NULL),
(81, 'Maddox.Dacey@gmail.com', '$2y$13$BTk1/qIOoSvH69UoBz22cuc0ULDygrQxQtaDkQ2j86FpQ6Y4WMxFC', 1, 'Maddox', 'Dacey', 'a:2:{i:0;s:9:\"ROLE_USER\";i:1;s:13:\"ROLE_VISITEUR\";}', NULL),
(82, 'Mclean.Lani@gmail.com', '$2y$13$BTk1/qIOoSvH69UoBz22cuc0ULDygrQxQtaDkQ2j86FpQ6Y4WMxFC', 1, 'Mclean', 'Lani', 'a:2:{i:0;s:9:\"ROLE_USER\";i:1;s:13:\"ROLE_VISITEUR\";}', NULL),
(83, 'Barron.Isabella@gmail.com', '$2y$13$BTk1/qIOoSvH69UoBz22cuc0ULDygrQxQtaDkQ2j86FpQ6Y4WMxFC', 1, 'Barron', 'Isabella', 'a:2:{i:0;s:9:\"ROLE_USER\";i:1;s:13:\"ROLE_VISITEUR\";}', NULL),
(84, 'Preston.Evan@gmail.com', '$2y$13$BTk1/qIOoSvH69UoBz22cuc0ULDygrQxQtaDkQ2j86FpQ6Y4WMxFC', 1, 'Preston', 'Evan', 'a:2:{i:0;s:9:\"ROLE_USER\";i:1;s:13:\"ROLE_VISITEUR\";}', NULL),
(85, 'Gonzalez.Hadley@gmail.com', '$2y$13$BTk1/qIOoSvH69UoBz22cuc0ULDygrQxQtaDkQ2j86FpQ6Y4WMxFC', 1, 'Gonzalez', 'Hadley', 'a:2:{i:0;s:9:\"ROLE_USER\";i:1;s:13:\"ROLE_VISITEUR\";}', NULL),
(86, 'Padilla.Raphael@gmail.com', '$2y$13$BTk1/qIOoSvH69UoBz22cuc0ULDygrQxQtaDkQ2j86FpQ6Y4WMxFC', 1, 'Padilla', 'Raphael', 'a:2:{i:0;s:9:\"ROLE_USER\";i:1;s:13:\"ROLE_VISITEUR\";}', NULL),
(87, 'Bean.Riley@gmail.com', '$2y$13$BTk1/qIOoSvH69UoBz22cuc0ULDygrQxQtaDkQ2j86FpQ6Y4WMxFC', 1, 'Bean', 'Riley', 'a:2:{i:0;s:9:\"ROLE_USER\";i:1;s:13:\"ROLE_VISITEUR\";}', NULL),
(88, 'Dorsey.Clio@gmail.com', '$2y$13$BTk1/qIOoSvH69UoBz22cuc0ULDygrQxQtaDkQ2j86FpQ6Y4WMxFC', 1, 'Dorsey', 'Clio', 'a:2:{i:0;s:9:\"ROLE_USER\";i:1;s:13:\"ROLE_VISITEUR\";}', NULL),
(89, 'Noel.Fletcher@gmail.com', '$2y$13$BTk1/qIOoSvH69UoBz22cuc0ULDygrQxQtaDkQ2j86FpQ6Y4WMxFC', 1, 'Noel', 'Fletcher', 'a:2:{i:0;s:9:\"ROLE_USER\";i:1;s:13:\"ROLE_VISITEUR\";}', NULL),
(90, 'Chen.Ina@gmail.com', '$2y$13$BTk1/qIOoSvH69UoBz22cuc0ULDygrQxQtaDkQ2j86FpQ6Y4WMxFC', 1, 'Chen', 'Ina', 'a:2:{i:0;s:9:\"ROLE_USER\";i:1;s:13:\"ROLE_VISITEUR\";}', NULL),
(91, 'Ashley.Yoshio@gmail.com', '$2y$13$BTk1/qIOoSvH69UoBz22cuc0ULDygrQxQtaDkQ2j86FpQ6Y4WMxFC', 1, 'Ashley', 'Yoshio', 'a:2:{i:0;s:9:\"ROLE_USER\";i:1;s:13:\"ROLE_VISITEUR\";}', NULL),
(92, 'Avila.Dorian@gmail.com', '$2y$13$BTk1/qIOoSvH69UoBz22cuc0ULDygrQxQtaDkQ2j86FpQ6Y4WMxFC', 1, 'Avila', 'Dorian', 'a:2:{i:0;s:9:\"ROLE_USER\";i:1;s:13:\"ROLE_VISITEUR\";}', NULL),
(93, 'Sosa.Carlos@gmail.com', '$2y$13$BTk1/qIOoSvH69UoBz22cuc0ULDygrQxQtaDkQ2j86FpQ6Y4WMxFC', 1, 'Sosa', 'Carlos', 'a:2:{i:0;s:9:\"ROLE_USER\";i:1;s:13:\"ROLE_VISITEUR\";}', NULL),
(94, 'Barnes.Hayden@gmail.com', '$2y$13$BTk1/qIOoSvH69UoBz22cuc0ULDygrQxQtaDkQ2j86FpQ6Y4WMxFC', 1, 'Barnes', 'Hayden', 'a:2:{i:0;s:9:\"ROLE_USER\";i:1;s:13:\"ROLE_VISITEUR\";}', NULL),
(95, 'Sweet.Brittany@gmail.com', '$2y$13$BTk1/qIOoSvH69UoBz22cuc0ULDygrQxQtaDkQ2j86FpQ6Y4WMxFC', 1, 'Sweet', 'Brittany', 'a:2:{i:0;s:9:\"ROLE_USER\";i:1;s:13:\"ROLE_VISITEUR\";}', NULL),
(96, 'Farrell.Illiana@gmail.com', '$2y$13$BTk1/qIOoSvH69UoBz22cuc0ULDygrQxQtaDkQ2j86FpQ6Y4WMxFC', 1, 'Farrell', 'Illiana', 'a:2:{i:0;s:9:\"ROLE_USER\";i:1;s:13:\"ROLE_VISITEUR\";}', NULL),
(97, 'Rogers.Taylor@gmail.com', '$2y$13$BTk1/qIOoSvH69UoBz22cuc0ULDygrQxQtaDkQ2j86FpQ6Y4WMxFC', 1, 'Rogers', 'Taylor', 'a:2:{i:0;s:9:\"ROLE_USER\";i:1;s:13:\"ROLE_VISITEUR\";}', NULL),
(98, 'Cole.Dominique@gmail.com', '$2y$13$BTk1/qIOoSvH69UoBz22cuc0ULDygrQxQtaDkQ2j86FpQ6Y4WMxFC', 1, 'Cole', 'Dominique', 'a:2:{i:0;s:9:\"ROLE_USER\";i:1;s:13:\"ROLE_VISITEUR\";}', NULL),
(99, 'Richmond.Nora@gmail.com', '$2y$13$BTk1/qIOoSvH69UoBz22cuc0ULDygrQxQtaDkQ2j86FpQ6Y4WMxFC', 1, 'Richmond', 'Nora', 'a:2:{i:0;s:9:\"ROLE_USER\";i:1;s:13:\"ROLE_VISITEUR\";}', NULL),
(100, 'Berg.Idola@gmail.com', '$2y$13$BTk1/qIOoSvH69UoBz22cuc0ULDygrQxQtaDkQ2j86FpQ6Y4WMxFC', 1, 'Berg', 'Idola', 'a:2:{i:0;s:9:\"ROLE_USER\";i:1;s:13:\"ROLE_VISITEUR\";}', NULL),
(101, 'Nixon.Lois@gmail.com', '$2y$13$BTk1/qIOoSvH69UoBz22cuc0ULDygrQxQtaDkQ2j86FpQ6Y4WMxFC', 1, 'Nixon', 'Lois', 'a:2:{i:0;s:9:\"ROLE_USER\";i:1;s:13:\"ROLE_VISITEUR\";}', NULL),
(102, 'Patterson.Aladdin@gmail.com', '$2y$13$BTk1/qIOoSvH69UoBz22cuc0ULDygrQxQtaDkQ2j86FpQ6Y4WMxFC', 1, 'Patterson', 'Aladdin', 'a:2:{i:0;s:9:\"ROLE_USER\";i:1;s:13:\"ROLE_VISITEUR\";}', NULL),
(103, 'Crosby.Lilah@gmail.com', '$2y$13$BTk1/qIOoSvH69UoBz22cuc0ULDygrQxQtaDkQ2j86FpQ6Y4WMxFC', 1, 'Crosby', 'Lilah', 'a:2:{i:0;s:9:\"ROLE_USER\";i:1;s:13:\"ROLE_VISITEUR\";}', NULL),
(104, 'Ashley.Glenna@gmail.com', '$2y$13$BTk1/qIOoSvH69UoBz22cuc0ULDygrQxQtaDkQ2j86FpQ6Y4WMxFC', 1, 'Ashley', 'Glenna', 'a:2:{i:0;s:9:\"ROLE_USER\";i:1;s:13:\"ROLE_VISITEUR\";}', NULL),
(105, 'Castro.Kirby@gmail.com', '$2y$13$BTk1/qIOoSvH69UoBz22cuc0ULDygrQxQtaDkQ2j86FpQ6Y4WMxFC', 1, 'Castro', 'Kirby', 'a:2:{i:0;s:9:\"ROLE_USER\";i:1;s:13:\"ROLE_VISITEUR\";}', NULL),
(106, 'Hodge.Martena@gmail.com', '$2y$13$BTk1/qIOoSvH69UoBz22cuc0ULDygrQxQtaDkQ2j86FpQ6Y4WMxFC', 1, 'Hodge', 'Martena', 'a:2:{i:0;s:9:\"ROLE_USER\";i:1;s:13:\"ROLE_VISITEUR\";}', NULL),
(107, 'Meyers.Cally@gmail.com', '$2y$13$BTk1/qIOoSvH69UoBz22cuc0ULDygrQxQtaDkQ2j86FpQ6Y4WMxFC', 1, 'Meyers', 'Cally', 'a:2:{i:0;s:9:\"ROLE_USER\";i:1;s:13:\"ROLE_VISITEUR\";}', NULL),
(108, 'Russell.Christine@gmail.com', '$2y$13$BTk1/qIOoSvH69UoBz22cuc0ULDygrQxQtaDkQ2j86FpQ6Y4WMxFC', 1, 'Russell', 'Christine', 'a:2:{i:0;s:9:\"ROLE_USER\";i:1;s:13:\"ROLE_VISITEUR\";}', NULL),
(109, 'Rhodes.Kitra@gmail.com', '$2y$13$BTk1/qIOoSvH69UoBz22cuc0ULDygrQxQtaDkQ2j86FpQ6Y4WMxFC', 1, 'Rhodes', 'Kitra', 'a:2:{i:0;s:9:\"ROLE_USER\";i:1;s:13:\"ROLE_VISITEUR\";}', NULL),
(110, 'Robles.Ryan@gmail.com', '$2y$13$BTk1/qIOoSvH69UoBz22cuc0ULDygrQxQtaDkQ2j86FpQ6Y4WMxFC', 1, 'Robles', 'Ryan', 'a:2:{i:0;s:9:\"ROLE_USER\";i:1;s:13:\"ROLE_VISITEUR\";}', NULL),
(111, 'Hopper.Zeph@gmail.com', '$2y$13$BTk1/qIOoSvH69UoBz22cuc0ULDygrQxQtaDkQ2j86FpQ6Y4WMxFC', 1, 'Hopper', 'Zeph', 'a:2:{i:0;s:9:\"ROLE_USER\";i:1;s:13:\"ROLE_VISITEUR\";}', NULL),
(112, 'Weiss.Chaney@gmail.com', '$2y$13$BTk1/qIOoSvH69UoBz22cuc0ULDygrQxQtaDkQ2j86FpQ6Y4WMxFC', 1, 'Weiss', 'Chaney', 'a:2:{i:0;s:9:\"ROLE_USER\";i:1;s:13:\"ROLE_VISITEUR\";}', NULL),
(113, 'Key.Macon@gmail.com', '$2y$13$BTk1/qIOoSvH69UoBz22cuc0ULDygrQxQtaDkQ2j86FpQ6Y4WMxFC', 1, 'Key', 'Macon', 'a:2:{i:0;s:9:\"ROLE_USER\";i:1;s:13:\"ROLE_VISITEUR\";}', NULL),
(114, 'Lewis.Valentine@gmail.com', '$2y$13$BTk1/qIOoSvH69UoBz22cuc0ULDygrQxQtaDkQ2j86FpQ6Y4WMxFC', 1, 'Lewis', 'Valentine', 'a:2:{i:0;s:9:\"ROLE_USER\";i:1;s:13:\"ROLE_VISITEUR\";}', NULL),
(115, 'Manning.Harlan@gmail.com', '$2y$13$BTk1/qIOoSvH69UoBz22cuc0ULDygrQxQtaDkQ2j86FpQ6Y4WMxFC', 1, 'Manning', 'Harlan', 'a:2:{i:0;s:9:\"ROLE_USER\";i:1;s:13:\"ROLE_VISITEUR\";}', NULL),
(116, 'Osborn.Ulla@gmail.com', '$2y$13$BTk1/qIOoSvH69UoBz22cuc0ULDygrQxQtaDkQ2j86FpQ6Y4WMxFC', 1, 'Osborn', 'Ulla', 'a:2:{i:0;s:9:\"ROLE_USER\";i:1;s:13:\"ROLE_VISITEUR\";}', NULL),
(117, 'Shannon.Deanna@gmail.com', '$2y$13$BTk1/qIOoSvH69UoBz22cuc0ULDygrQxQtaDkQ2j86FpQ6Y4WMxFC', 1, 'Shannon', 'Deanna', 'a:2:{i:0;s:9:\"ROLE_USER\";i:1;s:13:\"ROLE_VISITEUR\";}', NULL),
(118, 'Chandler.Driscoll@gmail.com', '$2y$13$BTk1/qIOoSvH69UoBz22cuc0ULDygrQxQtaDkQ2j86FpQ6Y4WMxFC', 1, 'Chandler', 'Driscoll', 'a:2:{i:0;s:9:\"ROLE_USER\";i:1;s:13:\"ROLE_VISITEUR\";}', NULL),
(119, 'Jensen.Uta@gmail.com', '$2y$13$BTk1/qIOoSvH69UoBz22cuc0ULDygrQxQtaDkQ2j86FpQ6Y4WMxFC', 1, 'Jensen', 'Uta', 'a:2:{i:0;s:9:\"ROLE_USER\";i:1;s:13:\"ROLE_VISITEUR\";}', NULL),
(120, 'Berger.Gillian@gmail.com', '$2y$13$BTk1/qIOoSvH69UoBz22cuc0ULDygrQxQtaDkQ2j86FpQ6Y4WMxFC', 1, 'Berger', 'Gillian', 'a:2:{i:0;s:9:\"ROLE_USER\";i:1;s:13:\"ROLE_VISITEUR\";}', NULL),
(121, 'Meyer.Janna@gmail.com', '$2y$13$BTk1/qIOoSvH69UoBz22cuc0ULDygrQxQtaDkQ2j86FpQ6Y4WMxFC', 1, 'Meyer', 'Janna', 'a:2:{i:0;s:9:\"ROLE_USER\";i:1;s:13:\"ROLE_VISITEUR\";}', NULL);

INSERT INTO `region` (`reg_code`, `sec_num`, `nom_region`) VALUES
(8, 1, 'Pays de la loire'),
(9, 1, 'Bretagne'),
(10, 2, 'Grand Est'),
(11, 2, 'Bourgogne'),
(12, 3, 'Occitanie'),
(13, 3, 'PACA'),
(14, 4, 'Hauts de france'),
(15, 4, 'Normandie'),
(16, 5, 'Essonne'),
(17, 5, 'Yvelines'),
(18, 6, 'Guyane'),
(19, 6, 'Martinique'),
(20, 7, 'La réunion'),
(21, 7, 'Mayotte');

INSERT INTO `secteur` (`sec_num`, `nom_secteur`, `id_responsable`) VALUES
(1, 'Ouest', 12),
(2, 'Est', 13),
(3, 'Sud', 14),
(4, 'Nord', 15),
(5, 'Centre', 16),
(6, 'DTOM Caraïbes-Amériques', 17),
(7, 'DTOM Asie-Afrique', 18);

INSERT INTO `specialite` (`id_specialite`, `nom_specialite`) VALUES
(1, 'Allergologie'),
(2, 'Andrologie'),
(3, 'Anesthésiologie'),
(58, 'Biochimie clinique'),
(4, 'Cardiologie'),
(5, 'Chirurgie cardiaque'),
(7, 'Chirurgie générale'),
(8, 'Chirurgie gynécologique'),
(9, 'Chirurgie maxillo-faciale'),
(10, 'Chirurgie oculaire'),
(11, 'Chirurgie orale'),
(12, 'Chirurgie pédiatrique'),
(6, 'Chirurgie plastique'),
(13, 'Chirurgie thoracique'),
(14, 'Chirurgie vasculaire'),
(15, 'Chirurgie viscérale'),
(17, 'Dermatologie'),
(18, 'Endocrinologie'),
(19, 'Gastro-entérologie'),
(20, 'Gériatrie'),
(21, 'Gynécologie médicale'),
(53, 'Gynécologie obstétrique'),
(22, 'Hématologie'),
(23, 'Hépatologie'),
(24, 'Immunologie'),
(25, 'Infectiologie'),
(26, 'Médecine aiguë'),
(28, 'Médecine d\'urgence'),
(54, 'Médecine du sport'),
(27, 'Médecine du travail'),
(29, 'Médecine générale'),
(30, 'Médecine interne'),
(31, 'Médecine nucléaire'),
(32, 'Médecine palliative'),
(33, 'Médecine physique'),
(34, 'Médecine préventive'),
(35, 'Néonatologie'),
(36, 'Néphrologie'),
(16, 'Neurochirurgie'),
(37, 'Neurologie'),
(55, 'Nutrition'),
(38, 'Obstétrique'),
(39, 'Odontologie'),
(40, 'Oncologie'),
(41, 'Ophtalmologie'),
(42, 'Oto-rhino-laryngologie'),
(43, 'Pédiatrie'),
(56, 'Pharmacologie'),
(44, 'Pneumologie'),
(45, 'Podologie'),
(46, 'Psychiatrie'),
(47, 'Radiologie'),
(48, 'Radiothérapie'),
(57, 'Réanimation médicale'),
(49, 'Rhumatologie'),
(59, 'Sexologie'),
(52, 'Stomatologie'),
(60, 'Thérapie génique'),
(50, 'Urologie'),
(51, 'Vénérologie');

INSERT INTO `visiteur` (`matricule`) VALUES
(19),
(20),
(21),
(22),
(23),
(24),
(25),
(26),
(27),
(28),
(29),
(30),
(31),
(32),
(33),
(34),
(35),
(36),
(37),
(38),
(39),
(40),
(41),
(42),
(43),
(44),
(45),
(46),
(47),
(48),
(49),
(50),
(51),
(52),
(53),
(54),
(55),
(56),
(57),
(58),
(59),
(60),
(61),
(62),
(63),
(64),
(65),
(66),
(67),
(68),
(69),
(70),
(71),
(72),
(73),
(74),
(75),
(76),
(77),
(78),
(79),
(80),
(81),
(82),
(83),
(84),
(85),
(86),
(87),
(88),
(89),
(90),
(91),
(92),
(93),
(94),
(95),
(96),
(97),
(98),
(99),
(100),
(101),
(102),
(103),
(104),
(105),
(106),
(107),
(108),
(109),
(110),
(111),
(112),
(113),
(114),
(115),
(116),
(117),
(118),
(119),
(120),
(121);

INSERT INTO `visiteur_region` (`reg_code`, `matricule`, `dateAffectation`, `active`) VALUES
(8, 57, '2020-02-10 18:18:47', 1),
(8, 96, '2020-02-10 18:18:48', 1),
(8, 108, '2020-02-10 18:18:48', 1),
(9, 26, '2020-02-10 18:18:47', 1),
(9, 31, '2020-02-10 18:18:47', 1),
(9, 36, '2020-02-10 18:18:47', 1),
(9, 48, '2020-02-10 18:18:47', 1),
(9, 67, '2020-02-10 18:18:47', 1),
(9, 69, '2020-02-10 18:18:47', 1),
(9, 82, '2020-02-10 18:18:48', 1),
(9, 89, '2020-02-10 18:18:48', 1),
(9, 105, '2020-02-10 18:18:48', 1),
(9, 107, '2020-02-10 18:18:48', 1),
(9, 118, '2020-02-10 18:18:48', 1),
(9, 120, '2020-02-10 18:18:48', 1),
(10, 32, '2020-02-10 18:18:47', 1),
(10, 56, '2020-02-10 18:18:47', 1),
(10, 91, '2020-02-10 18:18:48', 1),
(10, 98, '2020-02-10 18:18:48', 1),
(10, 99, '2020-02-10 18:18:48', 1),
(11, 19, '2020-02-10 18:18:47', 1),
(11, 34, '2020-02-10 18:18:47', 1),
(11, 39, '2020-02-10 18:18:47', 1),
(11, 43, '2020-02-10 18:18:47', 1),
(11, 47, '2020-02-10 18:18:47', 1),
(11, 54, '2020-02-10 18:18:47', 1),
(11, 68, '2020-02-10 18:18:47', 1),
(11, 73, '2020-02-10 18:18:47', 1),
(11, 78, '2020-02-10 18:18:48', 1),
(11, 79, '2020-02-10 18:18:48', 1),
(11, 94, '2020-02-10 18:18:48', 1),
(11, 97, '2020-02-10 18:18:48', 1),
(11, 112, '2020-02-10 18:18:48', 1),
(11, 113, '2020-02-10 18:18:48', 1),
(11, 115, '2020-02-10 18:18:48', 1),
(11, 116, '2020-02-10 18:18:48', 1),
(12, 40, '2020-02-10 18:18:47', 1),
(12, 90, '2020-02-10 18:18:48', 1),
(12, 100, '2020-02-10 18:18:48', 1),
(12, 111, '2020-02-10 18:18:48', 1),
(13, 46, '2020-02-10 18:18:47', 1),
(13, 60, '2020-02-10 18:18:47', 1),
(13, 72, '2020-02-10 18:18:47', 1),
(13, 80, '2020-02-10 18:18:48', 1),
(13, 85, '2020-02-10 18:18:48', 1),
(13, 110, '2020-02-10 18:18:48', 1),
(13, 121, '2020-02-10 18:18:48', 1),
(14, 24, '2020-02-10 18:18:47', 1),
(14, 28, '2020-02-10 18:18:47', 1),
(14, 44, '2020-02-10 18:18:47', 1),
(14, 51, '2020-02-10 18:18:47', 1),
(14, 81, '2020-02-10 18:18:48', 1),
(14, 87, '2020-02-10 18:18:48', 1),
(14, 93, '2020-02-10 18:18:48', 1),
(14, 106, '2020-02-10 18:18:48', 1),
(15, 23, '2020-02-10 18:18:47', 1),
(15, 27, '2020-02-10 18:18:47', 1),
(15, 33, '2020-02-10 18:18:47', 1),
(15, 35, '2020-02-10 18:18:47', 1),
(15, 37, '2020-02-10 18:18:47', 1),
(15, 38, '2020-02-10 18:18:47', 1),
(15, 45, '2020-02-10 18:18:47', 1),
(15, 55, '2020-02-10 18:18:47', 1),
(15, 61, '2020-02-10 18:18:47', 1),
(15, 71, '2020-02-10 18:18:47', 1),
(15, 117, '2020-02-10 18:18:48', 1),
(16, 29, '2020-02-10 18:18:47', 1),
(16, 42, '2020-02-10 18:18:47', 1),
(16, 49, '2020-02-10 18:18:47', 1),
(16, 52, '2020-02-10 18:18:47', 1),
(16, 76, '2020-02-10 18:18:47', 1),
(16, 77, '2020-02-10 18:18:47', 1),
(16, 114, '2020-02-10 18:18:48', 1),
(16, 119, '2020-02-10 18:18:48', 1),
(17, 21, '2020-02-10 18:18:47', 1),
(17, 22, '2020-02-10 18:18:47', 1),
(17, 59, '2020-02-10 18:18:47', 1),
(17, 66, '2020-02-10 18:18:47', 1),
(17, 88, '2020-02-10 18:18:48', 1),
(17, 102, '2020-02-10 18:18:48', 1),
(17, 104, '2020-02-10 18:18:48', 1),
(18, 30, '2020-02-10 18:18:47', 1),
(18, 58, '2020-02-10 18:18:47', 1),
(18, 62, '2020-02-10 18:18:47', 1),
(18, 64, '2020-02-10 18:18:47', 1),
(18, 65, '2020-02-10 18:18:47', 1),
(18, 70, '2020-02-10 18:18:47', 1),
(18, 103, '2020-02-10 18:18:48', 1),
(19, 50, '2020-02-10 18:18:47', 1),
(19, 53, '2020-02-10 18:18:47', 1),
(19, 75, '2020-02-10 18:18:47', 1),
(19, 83, '2020-02-10 18:18:48', 1),
(20, 20, '2020-02-10 18:18:47', 1),
(20, 25, '2020-02-10 18:18:47', 1),
(20, 41, '2020-02-10 18:18:47', 1),
(20, 74, '2020-02-10 18:18:47', 1),
(20, 86, '2020-02-10 18:18:48', 1),
(20, 95, '2020-02-10 18:18:48', 1),
(20, 101, '2020-02-10 18:18:48', 1),
(20, 109, '2020-02-10 18:18:48', 1),
(21, 63, '2020-02-10 18:18:47', 1),
(21, 84, '2020-02-10 18:18:48', 1),
(21, 92, '2020-02-10 18:18:48', 1);

/*!40101 SET CHARACTER_SET_CLIENT=@OLD_CHARACTER_SET_CLIENT */;
/*!40101 SET CHARACTER_SET_RESULTS=@OLD_CHARACTER_SET_RESULTS */;
/*!40101 SET COLLATION_CONNECTION=@OLD_COLLATION_CONNECTION */;
